[
  {
    "id": "ArduinoMega",
    "name": "ArduinoMega",
    "x": 1159,
    "y": 276,
    "rotation": 0,
    "image": {
      "src": "/packages/Microcontrollers/Arduino/ArduinoMega.png",
      "width": 492,
      "height": 997
    },
    "pin-map": {
      "src": "/packages/Microcontrollers/Arduino/ArduinoMega.json"
    },
    "pinMap": {
      "name": "Arduino Mega",
      "type": "Microcontoller",
      "digital-pins": {
        "id": [
          "RESET",
          "VIN",
          "3V3",
          "5V",
          "5V-1",
          "5V-2",
          "GND-1",
          "GND-2",
          "GND-3",
          "GND-4",
          "GND-5",
          "NC",
          "IOREFI_1",
          "IOREFI_2",
          "A0",
          "A1",
          "A2",
          "A3",
          "A4",
          "A5",
          "A6",
          "A7",
          "A8",
          "A9",
          "A10",
          "A11",
          "A12",
          "A13",
          "A14",
          "A15",
          "D0",
          "D1",
          "D2",
          "D3",
          "D4",
          "D5",
          "D6",
          "D7",
          "D8",
          "D9",
          "D10",
          "D11",
          "D12",
          "D13",
          "D14",
          "D15",
          "D16",
          "D17",
          "D18",
          "D19",
          "D20",
          "D21",
          "D22",
          "D23",
          "D24",
          "D25",
          "D26",
          "D27",
          "D28",
          "D29",
          "D30",
          "D31",
          "D32",
          "D33",
          "D34",
          "D35",
          "D36",
          "D37",
          "D38",
          "D39",
          "D40",
          "D41",
          "D42",
          "D43",
          "D44",
          "D45",
          "D46",
          "D47",
          "D48",
          "D49",
          "D50",
          "D51",
          "D52",
          "D53",
          "AREF"
        ],
        "reloc": [
          {
            "id": "5V-1",
            "points": [
              469,
              925
            ]
          },
          {
            "id": "5V-2",
            "points": [
              469,
              949
            ]
          },
          {
            "id": "D22",
            "points": [
              445,
              925
            ]
          },
          {
            "id": "D23",
            "points": [
              445,
              949
            ]
          },
          {
            "id": "D24",
            "points": [
              422,
              925
            ]
          },
          {
            "id": "D25",
            "points": [
              422,
              949
            ]
          },
          {
            "id": "D26",
            "points": [
              399,
              925
            ]
          },
          {
            "id": "D27",
            "points": [
              399,
              949
            ]
          },
          {
            "id": "D28",
            "points": [
              375,
              925
            ]
          },
          {
            "id": "D29",
            "points": [
              375,
              949
            ]
          },
          {
            "id": "D30",
            "points": [
              352,
              925
            ]
          },
          {
            "id": "D31",
            "points": [
              352,
              949
            ]
          },
          {
            "id": "D32",
            "points": [
              328,
              925
            ]
          },
          {
            "id": "D33",
            "points": [
              328,
              949
            ]
          },
          {
            "id": "D34",
            "points": [
              305,
              925
            ]
          },
          {
            "id": "D35",
            "points": [
              305,
              949
            ]
          },
          {
            "id": "D36",
            "points": [
              281,
              925
            ]
          },
          {
            "id": "D37",
            "points": [
              281,
              949
            ]
          },
          {
            "id": "D38",
            "points": [
              258,
              925
            ]
          },
          {
            "id": "D39",
            "points": [
              258,
              949
            ]
          },
          {
            "id": "D40",
            "points": [
              234,
              925
            ]
          },
          {
            "id": "D41",
            "points": [
              234,
              949
            ]
          },
          {
            "id": "D42",
            "points": [
              211,
              925
            ]
          },
          {
            "id": "D43",
            "points": [
              211,
              949
            ]
          },
          {
            "id": "D44",
            "points": [
              187,
              925
            ]
          },
          {
            "id": "D45",
            "points": [
              187,
              949
            ]
          },
          {
            "id": "D46",
            "points": [
              163,
              925
            ]
          },
          {
            "id": "D47",
            "points": [
              163,
              949
            ]
          },
          {
            "id": "D48",
            "points": [
              141,
              925
            ]
          },
          {
            "id": "D49",
            "points": [
              141,
              949
            ]
          },
          {
            "id": "D50",
            "points": [
              117,
              925
            ]
          },
          {
            "id": "D51",
            "points": [
              117,
              949
            ]
          },
          {
            "id": "D52",
            "points": [
              94,
              925
            ]
          },
          {
            "id": "D53",
            "points": [
              94,
              949
            ]
          },
          {
            "id": "GND-4",
            "points": [
              70,
              925
            ]
          },
          {
            "id": "GND-5",
            "points": [
              70,
              949
            ]
          },
          {
            "id": "NC",
            "points": [
              70,
              925
            ]
          },
          {
            "id": "IOREFI_1",
            "points": [
              70,
              949
            ]
          },
          {
            "id": "NC",
            "points": [
              23,
              316
            ]
          },
          {
            "id": "IOREFI_2",
            "points": [
              23,
              339
            ]
          },
          {
            "id": "RESET",
            "points": [
              23,
              362
            ]
          },
          {
            "id": "3V3",
            "points": [
              23,
              385
            ]
          },
          {
            "id": "5V",
            "points": [
              23,
              409
            ]
          },
          {
            "id": "GND-1",
            "points": [
              23,
              433
            ]
          },
          {
            "id": "GND-2",
            "points": [
              23,
              456
            ]
          },
          {
            "id": "VIN",
            "points": [
              23,
              480
            ]
          },
          {
            "id": "A0",
            "points": [
              23,
              527
            ]
          },
          {
            "id": "A1",
            "points": [
              23,
              550
            ]
          },
          {
            "id": "A2",
            "points": [
              23,
              573
            ]
          },
          {
            "id": "A3",
            "points": [
              23,
              597
            ]
          },
          {
            "id": "A4",
            "points": [
              23,
              620
            ]
          },
          {
            "id": "A5",
            "points": [
              23,
              644
            ]
          },
          {
            "id": "A6",
            "points": [
              23,
              667
            ]
          },
          {
            "id": "A7",
            "points": [
              23,
              691
            ]
          },
          {
            "id": "A8",
            "points": [
              23,
              738
            ]
          },
          {
            "id": "A9",
            "points": [
              23,
              761
            ]
          },
          {
            "id": "A10",
            "points": [
              23,
              785
            ]
          },
          {
            "id": "A11",
            "points": [
              23,
              808
            ]
          },
          {
            "id": "A12",
            "points": [
              23,
              831
            ]
          },
          {
            "id": "A13",
            "points": [
              23,
              855
            ]
          },
          {
            "id": "A14",
            "points": [
              23,
              878
            ]
          },
          {
            "id": "A15",
            "points": [
              23,
              902
            ]
          },
          {
            "id": "GND-3",
            "points": [
              469,
              301
            ]
          },
          {
            "id": "D13",
            "points": [
              469,
              325
            ]
          },
          {
            "id": "D12",
            "points": [
              469,
              348
            ]
          },
          {
            "id": "D11",
            "points": [
              469,
              372
            ]
          },
          {
            "id": "D10",
            "points": [
              469,
              395
            ]
          },
          {
            "id": "D9",
            "points": [
              469,
              419
            ]
          },
          {
            "id": "D8",
            "points": [
              469,
              442
            ]
          },
          {
            "id": "D7",
            "points": [
              469,
              480
            ]
          },
          {
            "id": "D4",
            "points": [
              469,
              550
            ]
          },
          {
            "id": "D3",
            "points": [
              469,
              574
            ]
          },
          {
            "id": "D2",
            "points": [
              469,
              597
            ]
          },
          {
            "id": "D5",
            "points": [
              469,
              527
            ]
          },
          {
            "id": "D6",
            "points": [
              469,
              503
            ]
          },
          {
            "id": "D1",
            "points": [
              469,
              620
            ]
          },
          {
            "id": "D0",
            "points": [
              469,
              644
            ]
          },
          {
            "id": "D14",
            "points": [
              469,
              691
            ]
          },
          {
            "id": "D15",
            "points": [
              469,
              714
            ]
          },
          {
            "id": "D17",
            "points": [
              469,
              761
            ]
          },
          {
            "id": "D18",
            "points": [
              469,
              785
            ]
          },
          {
            "id": "D19",
            "points": [
              469,
              808
            ]
          },
          {
            "id": "D20",
            "points": [
              469,
              831
            ]
          },
          {
            "id": "D21",
            "points": [
              469,
              855
            ]
          },
          {
            "id": "D16",
            "points": [
              469,
              738
            ]
          },
          {
            "id": "AREF",
            "points": [
              469,
              278
            ]
          }
        ]
      },
      "specs": {
        "processor": "ATmega2560",
        "clockSpeed": "16 MHz",
        "voltage": "5V"
      }
    }
  },
  {
    "id": "DHT22",
    "name": "DHT22",
    "x": 1763,
    "y": 408,
    "rotation": 0,
    "image": {
      "src": "/packages/Modules/DHT22.png",
      "width": 66,
      "height": 130
    },
    "pin-map": {
      "src": "/packages/Modules/DHT22.json"
    }
  },
  {
    "id": "I2C_LCD",
    "name": "I2C_LCD",
    "x": 2519,
    "y": 915,
    "rotation": 0,
    "image": {
      "src": "/packages/Modules/I2C_LCD.png",
      "width": 417,
      "height": 188
    },
    "pin-map": {
      "src": "/packages/Modules/I2C_LCD.json"
    }
  },
  {
    "id": "LDR_Sensor",
    "name": "LDR_Sensor",
    "x": 845,
    "y": 392,
    "rotation": 0,
    "image": {
      "src": "/packages/Modules/LDR_Sensor.png",
      "width": 91,
      "height": 249
    },
    "pin-map": {
      "src": "/packages/Modules/LDR_Sensor.json"
    }
  },
  {
    "id": "PIR_Sensor",
    "name": "PIR_Sensor",
    "x": 456,
    "y": 434,
    "rotation": 0,
    "image": {
      "src": "/packages/Modules/PIR_Sensor.png",
      "width": 197,
      "height": 200
    },
    "pin-map": {
      "src": "/packages/Modules/PIR_Sensor.json"
    }
  },
  {
    "id": "servo_SG90",
    "name": "servo_SG90",
    "x": 2246,
    "y": 1276,
    "rotation": 0,
    "image": {
      "src": "/packages/Modules/servo_SG90.png",
      "width": 230,
      "height": 111
    },
    "pin-map": {
      "src": "/packages/Modules/servo_SG90.json"
    }
  },
  {
    "id": "ultrasonic_SR04",
    "name": "ultrasonic_SR04",
    "x": 1940,
    "y": 614,
    "rotation": 0,
    "image": {
      "src": "/packages/Modules/ultrasonic_SR04.png",
      "width": 344,
      "height": 188
    },
    "pin-map": {
      "src": "/packages/Modules/ultrasonic_SR04.json"
    }
  }
]